species,concept
Black footed Albatross,black feet
Black footed Albatross,dark wingtips
Black footed Albatross,large size
Black footed Albatross,large wingspan
Black footed Albatross,long wings
Black footed Albatross,white body
Black footed Albatross,yellow beak
Black footed Albatross,yellow bill
Laysan Albatross,black wingtips
Laysan Albatross,large white bird
Laysan Albatross,long hooked beak
Laysan Albatross,long yellow bill
Laysan Albatross,white body
Laysan Albatross,wingspan of up to 3 5 feet
Laysan Albatross,black wingtips
Laysan Albatross,long black legs
Laysan Albatross,long white legs
Laysan Albatross,webbed feet
Sooty Albatross,all dark plumage
Sooty Albatross,glossy black wings
Sooty Albatross,long hooked bill
Sooty Albatross,long slim body
Sooty Albatross,white wingtips
Sooty Albatross,black beak
Sooty Albatross,large black bird
Sooty Albatross,long wingspan
Sooty Albatross,yellow eyes
Groove billed Ani,black body
Groove billed Ani,blue sheen on the wings
Groove billed Ani,long curved bill
Groove billed Ani,long tail
Groove billed Ani,red eye
Groove billed Ani,long tail
Groove billed Ani,long curved beak
Groove billed Ani,black plumage
Groove billed Ani,orange eyes
Crested Auklet,black back and wings
Crested Auklet,black bill
Crested Auklet,small plump body
Crested Auklet,small stocky body
Crested Auklet,white breast and belly
Crested Auklet,black legs and feet
Crested Auklet,dark gray or black upperparts
Crested Auklet,white underparts
Least Auklet,black bill
Least Auklet,black cap and back
Least Auklet,black head and back
Least Auklet,short black bill
Least Auklet,small body
Least Auklet,small plump body
Least Auklet,white belly
Least Auklet,white face and underparts
Least Auklet,black legs and feet
Least Auklet,webbed toes
Parakeet Auklet,black head and back
Parakeet Auklet,black head and upperparts
Parakeet Auklet,short stubby beak
Parakeet Auklet,small sparrow like body
Parakeet Auklet,small stocky body
Parakeet Auklet,black wings with white spots
Parakeet Auklet,white underparts
Rhinoceros Auklet,black and white color scheme
Rhinoceros Auklet,black head and neck
Rhinoceros Auklet,large bulbous beak
Rhinoceros Auklet,large stocky body
Rhinoceros Auklet,short thick beak
Rhinoceros Auklet,small body
Rhinoceros Auklet,orange eyes
Rhinoceros Auklet,short wings
Rhinoceros Auklet,webbed feet
Rhinoceros Auklet,white plumage
Brewer Blackbird,black beak
Brewer Blackbird,black body
Brewer Blackbird,black or dark gray body
Brewer Blackbird,long tail
Brewer Blackbird,slender body
Brewer Blackbird,yellow eye
Brewer Blackbird,yellow or orange beak
Brewer Blackbird,black wings
Brewer Blackbird,long legs
Brewer Blackbird,white wing bars
Red winged Blackbird,long black beak
Red winged Blackbird,all black body
Red winged Blackbird,long black tail
Red winged Blackbird,long legs
Red winged Blackbird,red shoulders
Red winged Blackbird,webbed feet
Red winged Blackbird,yellow bar on wing
Red winged Blackbird,yellow eyes
Rusty Blackbird,black bill
Rusty Blackbird,long black tail
Rusty Blackbird,small blackbird like bird
Rusty Blackbird,all black plumage
Rusty Blackbird,black legs
Rusty Blackbird,long legs
Rusty Blackbird,rusty brown feathers
Rusty Blackbird,yellow eyes
Yellow headed Blackbird,black beak
Yellow headed Blackbird,black body
Yellow headed Blackbird,long black beak
Yellow headed Blackbird,yellow head
Yellow headed Blackbird,black legs
Yellow headed Blackbird,black wings
Yellow headed Blackbird,long black wings
Yellow headed Blackbird,yellow eyes
Bobolink,black v on the back
Bobolink,black and white striped head
Bobolink,black back
Bobolink,black head and back
Bobolink,long black tail
Bobolink,small round body
Bobolink,small sparrow like bird
Bobolink,white throat and belly
Bobolink,yellow breast
Bobolink,white underparts
Indigo Bunting,black mask around the eyes
Indigo Bunting,blue body
Indigo Bunting,short beak
Indigo Bunting,small bird
Indigo Bunting,small body
Indigo Bunting,thin pointed beak
Indigo Bunting,white belly
Indigo Bunting,yellow breast
Indigo Bunting,blue plumage
Indigo Bunting,white streaks on the wings
Lazuli Bunting,black collar
Lazuli Bunting,black line through the eye
Lazuli Bunting,long black tail
Lazuli Bunting,small blue bird
Lazuli Bunting,thin black bill
Lazuli Bunting,white belly
Lazuli Bunting,white chest and belly
Lazuli Bunting,white wing bar
Lazuli Bunting,blue wings with white bars
Painted Bunting,blue head
Painted Bunting,green back
Painted Bunting,short pointed beak
Painted Bunting,short stout bill
Painted Bunting,small songbird
Painted Bunting,small sparrow like bird
Painted Bunting,yellow breast
Cardinal,black beak
Cardinal,black bill
Cardinal,black face
Cardinal,pointed beak
Cardinal,red body
Cardinal,red crest on the head
Cardinal,black eyes
Cardinal,red feathers
Cardinal,yellow eyes
Spotted Catbird,black cap
Spotted Catbird,long tail
Spotted Catbird,small body
Spotted Catbird,small rounded body
Spotted Catbird,gray body with black spots
Spotted Catbird,gray upperparts
Spotted Catbird,yellow eyes
Gray Catbird,black cap
Gray Catbird,gray plumage
Gray Catbird,long tail
Gray Catbird,long flowing tail
Gray Catbird,small mouth
Gray Catbird,small round body
Gray Catbird,small slim body
Gray Catbird,gray feathers
Gray Catbird,yellow eyes
Yellow breasted Chat,black head
Yellow breasted Chat,black patch on the back
Yellow breasted Chat,black tail
Yellow breasted Chat,black throat
Yellow breasted Chat,small body
Yellow breasted Chat,white belly
Yellow breasted Chat,white throat
Yellow breasted Chat,yellow breast
Yellow breasted Chat,orange legs
Eastern Towhee,black head back and tail
Eastern Towhee,large bird
Eastern Towhee,large brown bird
Eastern Towhee,loud musical song
Eastern Towhee,reddish brown body
Eastern Towhee,white breast
Eastern Towhee,yellow eyes
Chuck will Widow,large black body
Chuck will Widow,large black spider
Chuck will Widow,small head
Chuck will Widow,hairy body
Chuck will Widow,long black legs
Chuck will Widow,two red eyes
Brandt Cormorant,black body
Brandt Cormorant,black or dark gray body
Brandt Cormorant,long neck
Brandt Cormorant,long hooked bill
Brandt Cormorant,long snake like neck
Brandt Cormorant,small head
Brandt Cormorant,long dark wings
Brandt Cormorant,webbed feet
Red faced Cormorant,black body
Red faced Cormorant,black or dark gray plumage
Red faced Cormorant,hooked beak
Red faced Cormorant,large hooked bill
Red faced Cormorant,long neck
Red faced Cormorant,long curved neck
Red faced Cormorant,long thin body
Red faced Cormorant,red face
Red faced Cormorant,red skin around the face
Red faced Cormorant,webbed feet
Pelagic Cormorant,black or dark gray color
Pelagic Cormorant,hooked bill
Pelagic Cormorant,long neck
Pelagic Cormorant,long hooked bill
Pelagic Cormorant,long snake like neck
Pelagic Cormorant,long thin body
Pelagic Cormorant,black plumage
Pelagic Cormorant,long wings
Pelagic Cormorant,webbed feet
Bronzed Cowbird,black bill
Bronzed Cowbird,black mask around the eyes
Bronzed Cowbird,brown or bronzy plumage
Bronzed Cowbird,dark brown or black color
Bronzed Cowbird,long thin beak
Bronzed Cowbird,short tail
Bronzed Cowbird,small body
Bronzed Cowbird,yellow eyes
Shiny Cowbird,conical bill
Shiny Cowbird,short tail
Shiny Cowbird,shiny black plumage
Shiny Cowbird,yellow eyes
Shiny Cowbird,short tail
Shiny Cowbird,small bill
Shiny Cowbird,yellow eyes
Brown Creeper,long brown tail
Brown Creeper,long slender beak
Brown Creeper,long thin beak
Brown Creeper,small brown bird
Brown Creeper,white chest
Brown Creeper,brown wings with white stripes
Brown Creeper,dark brown stripes on the back
Brown Creeper,long legs
Brown Creeper,long brown wings
Brown Creeper,short brown legs
American Crow,large body
American Crow,long black beak
American Crow,long stout beak
American Crow,loud caw
American Crow,loud cawing sound
American Crow,all black feathers
American Crow,black legs
American Crow,large body
American Crow,long black legs
Fish Crow,black bill
Fish Crow,black or dark grey plumage
Fish Crow,long black tail
Fish Crow,long thin beak
Fish Crow,raucous call
Fish Crow,raucous voice
Fish Crow,slimmer body than most crows
Fish Crow,small sleek body
Fish Crow,all black plumage
Fish Crow,black legs and feet
Fish Crow,long legs
Black billed Cuckoo,black bill
Black billed Cuckoo,gray body
Black billed Cuckoo,long tail
Black billed Cuckoo,long thin beak
Black billed Cuckoo,long thin body
Black billed Cuckoo,tail with white bars
Black billed Cuckoo,grayish brown plumage
Black billed Cuckoo,long legs
Black billed Cuckoo,white stripes on the wings
Black billed Cuckoo,yellow eyes
Mangrove Cuckoo,black bill
Mangrove Cuckoo,black stripe through the eye
Mangrove Cuckoo,long tail
Mangrove Cuckoo,long thin body
Mangrove Cuckoo,small body
Mangrove Cuckoo,small head
Mangrove Cuckoo,gray or brown plumage
Mangrove Cuckoo,yellow eyes
Yellow billed Cuckoo,black bill with a yellow tip
Yellow billed Cuckoo,large stocky bird
Yellow billed Cuckoo,long tail with a black tip
Yellow billed Cuckoo,medium sized bird
Yellow billed Cuckoo,yellow bill
Yellow billed Cuckoo,long tail with white stripes
Yellow billed Cuckoo,mottled grey and white plumage
Yellow billed Cuckoo,yellow eyes
Gray crowned Rosy Finch,black bill
Gray crowned Rosy Finch,black tail
Gray crowned Rosy Finch,gray crown
Gray crowned Rosy Finch,pinkish breast
Gray crowned Rosy Finch,rosy breast
Gray crowned Rosy Finch,small sparrow like body
Gray crowned Rosy Finch,white belly
Gray crowned Rosy Finch,brown wings
Gray crowned Rosy Finch,white stripes on the wings
Purple Finch,purple red head and breast
Purple Finch,small conical beak
Purple Finch,small conical bill
Purple Finch,small sparrow like body
Purple Finch,white belly
Purple Finch,brown wings with white bars
Purple Finch,brownish wings with white bars
Northern Flicker,black bib with white stripes
Northern Flicker,black bill
Northern Flicker,black crescent on the breast
Northern Flicker,black tail with white bars
Northern Flicker,brownish red breast
Northern Flicker,red breast males only
Northern Flicker,reddish brown back
Northern Flicker,white rump
Acadian Flycatcher,black eye stripe
Acadian Flycatcher,pointed beak
Acadian Flycatcher,pointed bill
Acadian Flycatcher,small body
Acadian Flycatcher,gray upperparts
Acadian Flycatcher,olive gray upperparts
Acadian Flycatcher,white underparts
Acadian Flycatcher,white wing bars
Acadian Flycatcher,yellowish underparts
Great Crested Flycatcher,black crest on the head
Great Crested Flycatcher,dark gray back
Great Crested Flycatcher,light gray or white chest
Great Crested Flycatcher,rusty brown back
Great Crested Flycatcher,small sparrow like body
Great Crested Flycatcher,orange or yellow eyes
Great Crested Flycatcher,white undertail feathers
Great Crested Flycatcher,yellow eyes
Least Flycatcher,dark line through the eye
Least Flycatcher,pointed beak
Least Flycatcher,small bill
Least Flycatcher,small body
Least Flycatcher,small slim bird
Least Flycatcher,white eye ring
Least Flycatcher,gray or olive gray upperparts
Least Flycatcher,olive gray upperparts
Least Flycatcher,white underparts
Least Flycatcher,wing bars
Olive sided Flycatcher,black bill
Olive sided Flycatcher,small body
Olive sided Flycatcher,white wing bar
Olive sided Flycatcher,color
Olive sided Flycatcher,gray head
Olive sided Flycatcher,grayish white underparts
Olive sided Flycatcher,olive colored sides
Olive sided Flycatcher,olive green upperparts
Olive sided Flycatcher,pattern
Olive sided Flycatcher,shape
Olive sided Flycatcher,size
Olive sided Flycatcher,white breast
Olive sided Flycatcher,yellow eyes
Scissor tailed Flycatcher,black bill
Scissor tailed Flycatcher,black mask around the eyes
Scissor tailed Flycatcher,long forked tail
Scissor tailed Flycatcher,small body
Scissor tailed Flycatcher,black wings with white stripes
Scissor tailed Flycatcher,pale gray or white color
Scissor tailed Flycatcher,pale gray upperparts
Vermilion Flycatcher,black mask across the face
Vermilion Flycatcher,black mask over the eyes
Vermilion Flycatcher,bright red breast
Vermilion Flycatcher,long tail
Vermilion Flycatcher,long black tail
Vermilion Flycatcher,small body
Vermilion Flycatcher,grayish wings
Vermilion Flycatcher,white bars on the wings
Yellow bellied Flycatcher,black mask over the eyes
Yellow bellied Flycatcher,long tail
Yellow bellied Flycatcher,small body
Yellow bellied Flycatcher,small head
Yellow bellied Flycatcher,small slim body
Yellow bellied Flycatcher,white throat
Yellow bellied Flycatcher,yellow belly
Yellow bellied Flycatcher,yellow breast
Yellow bellied Flycatcher,grayish upperparts
Frigatebird,forked tail
Frigatebird,long forked tail
Frigatebird,long pointed wings
Frigatebird,long thin beak
Frigatebird,red throat pouch
Frigatebird,black and white plumage
Frigatebird,long legs
Frigatebird,long narrow wings
Northern Fulmar,long curved bill
Northern Fulmar,long hooked beak
Northern Fulmar,seabird
Northern Fulmar,white or pale gray body
Northern Fulmar,black wingtips
Northern Fulmar,webbed feet
Northern Fulmar,white body with gray wings
Northern Fulmar,yellow eyes
Gadwall,black and white head
Gadwall,black tail
Gadwall,duck like bird
Gadwall,grayish brown body
Gadwall,medium sized duck
Gadwall,white belly
Gadwall,black tail
Gadwall,grayish brown body
Gadwall,orange feet
Gadwall,white belly
American Goldfinch,bright yellow body
American Goldfinch,short conical beak
American Goldfinch,short pointed beak
American Goldfinch,small forked tail
American Goldfinch,small round body
American Goldfinch,yellow body with black wings
American Goldfinch,black wings with white bars
American Goldfinch,yellow feet
European Goldfinch,black cap on the head
European Goldfinch,long slender beak
European Goldfinch,pointed beak
European Goldfinch,small delicate body
European Goldfinch,small forked tail
European Goldfinch,small round body
European Goldfinch,yellow breast
European Goldfinch,black and white wings
Boat tailed Grackle,black head
Boat tailed Grackle,dark glossy bill
Boat tailed Grackle,long black tail
Boat tailed Grackle,long curved beak
Boat tailed Grackle,long slender body
Boat tailed Grackle,yellow eye
Boat tailed Grackle,black feathers
Boat tailed Grackle,iridescent black feathers
Eared Grebe,long thin neck
Eared Grebe,long thin tail
Eared Grebe,small pointed bill
Eared Grebe,small round body
Eared Grebe,black and white plumage
Eared Grebe,black wings with white stripes
Eared Grebe,long black ear tufts
Eared Grebe,orange feet
Horned Grebe,black cap
Horned Grebe,black tail
Horned Grebe,long sharp bill
Horned Grebe,long thin neck
Horned Grebe,small body
Horned Grebe,small compact body
Horned Grebe,small pointed bill
Horned Grebe,black and white plumage
Horned Grebe,black and white wings
Horned Grebe,orange legs
Pied billed Grebe,grayish brown back
Pied billed Grebe,short thick neck
Pied billed Grebe,small plump body
Pied billed Grebe,small stocky body
Pied billed Grebe,white belly
Pied billed Grebe,brownish grey upperparts
Pied billed Grebe,orange feet
Pied billed Grebe,white underparts
Western Grebe,black cap on its head
Western Grebe,black cap on the head
Western Grebe,black stripe down its neck
Western Grebe,grayish brown body
Western Grebe,long black bill
Western Grebe,long slender neck
Western Grebe,long thin neck
Western Grebe,small round head
Western Grebe,white body
Western Grebe,white chin and throat
Western Grebe,long black legs
Western Grebe,webbed feet
Blue Grosbeak,black mask
Blue Grosbeak,black tail
Blue Grosbeak,black wingtips
Blue Grosbeak,blue body
Blue Grosbeak,stout conical bill
Blue Grosbeak,vibrant blue plumage
Blue Grosbeak,yellow breast
Blue Grosbeak,large feet
Blue Grosbeak,long legs
Evening Grosbeak,broad round beak
Evening Grosbeak,large head
Evening Grosbeak,large cone shaped bill
Evening Grosbeak,medium sized bird
Evening Grosbeak,plump body
Evening Grosbeak,short tail
Evening Grosbeak,short stubby tail
Evening Grosbeak,yellow eyes
Pine Grosbeak,large head
Pine Grosbeak,long thick beak
Pine Grosbeak,short tail
Pine Grosbeak,short stout bill
Pine Grosbeak,stocky body
Pine Grosbeak,gray upperparts
Pine Grosbeak,white wing bars
Pine Grosbeak,yellow or orange plumage
Pine Grosbeak,yellow underparts
Rose breasted Grosbeak,black head
Rose breasted Grosbeak,black tail with white tips
Rose breasted Grosbeak,large red breast
Rose breasted Grosbeak,long black beak
Rose breasted Grosbeak,white belly
Rose breasted Grosbeak,white stripes on the wings
Rose breasted Grosbeak,yellow wings
Pigeon Guillemot,long black bill
Pigeon Guillemot,short black bill
Pigeon Guillemot,small plump body
Pigeon Guillemot,black head neck and back
Pigeon Guillemot,black wings with white stripes
Pigeon Guillemot,short black legs
Pigeon Guillemot,webbed feet
Pigeon Guillemot,white belly and undertail
California Gull,black head with a white beak
California Gull,long graceful neck
California Gull,loud harsh cry
California Gull,white body with gray wings
California Gull,wingspan of 3 4 feet
California Gull,wingspan of about 3 feet
California Gull,webbed feet
Glaucous winged Gull,black and white striped tail
Glaucous winged Gull,black head
Glaucous winged Gull,hooked bill
Glaucous winged Gull,large white body
Glaucous winged Gull,white body with gray wings
Glaucous winged Gull,yellow bill with a red spot
Glaucous winged Gull,orange legs and feet
Glaucous winged Gull,webbed feet
Heermann Gull,black beak
Heermann Gull,black head
Heermann Gull,black tail with a white tip
Heermann Gull,medium sized bird
Heermann Gull,red spot on the beak
Heermann Gull,white body
Heermann Gull,white body with gray wings
Heermann Gull,black wingtips
Heermann Gull,white tail
Heermann Gull,yellow feet
Herring Gull,black ring around the neck
Herring Gull,black wingtips
Herring Gull,large white body
Herring Gull,loud harsh cry
Herring Gull,red spot on the beak
Herring Gull,white body with gray wings
Herring Gull,yellow beak
Herring Gull,webbed feet
Ivory Gull,black bill with a yellow tip
Ivory Gull,black ring around the eyes
Ivory Gull,small slim body
Ivory Gull,all white plumage
Ivory Gull,black wingtips
Ivory Gull,pale pink legs
Ivory Gull,pale pink legs and feet
Ivory Gull,webbed feet
Ivory Gull,white plumage
Ivory Gull,yellow bill
Ring billed Gull,black ring around the bill
Ring billed Gull,white body with gray wings
Ring billed Gull,long legs
Ring billed Gull,long pointed wings
Ring billed Gull,red eyes
Ring billed Gull,webbed feet
Ring billed Gull,yellow eyes
Slaty backed Gull,black back
Slaty backed Gull,black head and back
Slaty backed Gull,black wingtips
Slaty backed Gull,large white body
Slaty backed Gull,long yellow bill
Slaty backed Gull,yellow bill
Slaty backed Gull,long black legs
Slaty backed Gull,red eyes
Slaty backed Gull,white underwings
Western Gull,black wingtip
Western Gull,gray body
Western Gull,red ring around the eye
Western Gull,white body with gray wings
Western Gull,white head and neck
Western Gull,yellow beak
Western Gull,black wingtips
Anna Hummingbird,bright green back
Anna Hummingbird,long beak
Anna Hummingbird,long thin beak
Anna Hummingbird,red throat
Anna Hummingbird,small body
Anna Hummingbird,small round body
Anna Hummingbird,white belly
Anna Hummingbird,green and white plumage
Anna Hummingbird,white stripes on the wings
Ruby throated Hummingbird,green back
Ruby throated Hummingbird,long curved beak
Ruby throated Hummingbird,long slender beak
Ruby throated Hummingbird,red throat
Ruby throated Hummingbird,ruby red throat
Ruby throated Hummingbird,small body
Ruby throated Hummingbird,small compact body
Ruby throated Hummingbird,fast erratic flight patterns
Ruby throated Hummingbird,iridescent green feathers
Ruby throated Hummingbird,white stripes on the wings
Ruby throated Hummingbird,white underparts
Rufous Hummingbird,long curved beak
Rufous Hummingbird,long slender beak
Rufous Hummingbird,small body
Rufous Hummingbird,small tail
Rufous Hummingbird,iridescent feathers
Rufous Hummingbird,red brown color
Rufous Hummingbird,rufous red brown color
Rufous Hummingbird,two long wings
Rufous Hummingbird,white breast with brown spots
Green Violetear,forked tail
Green Violetear,small body
Green Violetear,small delicate body
Green Violetear,violet ear patch
Green Violetear,violet patch near each ear
Green Violetear,black streaks on the wings
Green Violetear,iridescent green plumage
Long tailed Jaeger,dark coloration
Long tailed Jaeger,long tail
Long tailed Jaeger,long thin body
Long tailed Jaeger,gray or brown plumage
Long tailed Jaeger,long pointed wings
Long tailed Jaeger,long tapered wings
Long tailed Jaeger,white spots on the wings
Pomarine Jaeger,forked tail
Pomarine Jaeger,large seabird
Pomarine Jaeger,long body
Pomarine Jaeger,long slender body
Pomarine Jaeger,gray or brown plumage
Pomarine Jaeger,long narrow wings
Pomarine Jaeger,long pointed wings
Blue Jay,black neck and head
Blue Jay,blue body
Blue Jay,long curved beak
Blue Jay,long pointy beak
Blue Jay,white chest
Blue Jay,blue wings with black bars
Florida Jay,black head
Florida Jay,blue body
Florida Jay,blue gray back
Florida Jay,long black beak
Florida Jay,small body
Florida Jay,white chest
Florida Jay,white chest and belly
Florida Jay,blue wings
Green Jay,black and white head
Green Jay,black beak
Green Jay,black head
Green Jay,bright green body
Green Jay,green body
Green Jay,long tail
Green Jay,long black tail
Green Jay,green wings
Green Jay,yellow eyes
Dark eyed Junco,black hood
Dark eyed Junco,gray body
Dark eyed Junco,small sparrow like bird
Dark eyed Junco,white belly
Dark eyed Junco,white wing bar
Tropical Kingbird,brown back
Tropical Kingbird,large bird
Tropical Kingbird,long tail
Tropical Kingbird,long forked tail
Tropical Kingbird,long pointed beak
Tropical Kingbird,small body
Tropical Kingbird,white eyebrow
Tropical Kingbird,yellow belly
Tropical Kingbird,greenish upperparts
Tropical Kingbird,greenish yellow legs
Tropical Kingbird,yellow underparts
Gray Kingbird,black bill
Gray Kingbird,black mask
Gray Kingbird,large gray body
Gray Kingbird,large stocky body
Gray Kingbird,long thick bill
Gray Kingbird,black wings with white bars
Gray Kingbird,gray plumage
Gray Kingbird,white wingbars
Belted Kingfisher,black band across the chest
Belted Kingfisher,blue gray body
Belted Kingfisher,crest on the head
Belted Kingfisher,large blue grey bird
Belted Kingfisher,long pointed beak
Belted Kingfisher,long pointed bill
Belted Kingfisher,white belly
Belted Kingfisher,white collar around the neck
Belted Kingfisher,black legs
Belted Kingfisher,long blue gray wings
Belted Kingfisher,white wing bars
Green Kingfisher,black band across the belly
Green Kingfisher,crest on the head
Green Kingfisher,long sharp beak
Green Kingfisher,long thin beak
Green Kingfisher,small compact body
Green Kingfisher,small green body
Green Kingfisher,white chest
Green Kingfisher,green plumage
Green Kingfisher,green wings
Pied Kingfisher,black back
Pied Kingfisher,black and white striped head
Pied Kingfisher,large head
Pied Kingfisher,long black tail
Pied Kingfisher,long pointed beak
Pied Kingfisher,small body
Pied Kingfisher,small plump body
Pied Kingfisher,black and white plumage
Pied Kingfisher,blue eyes
Pied Kingfisher,orange feet
Pied Kingfisher,white underparts
Ringed Kingfisher,long orange beak
Ringed Kingfisher,long thin beak
Ringed Kingfisher,small blue body
Ringed Kingfisher,small blue green body
Ringed Kingfisher,white ring around the neck
Ringed Kingfisher,orange legs
Ringed Kingfisher,white spots on the wings
White breasted Kingfisher,large head
White breasted Kingfisher,long sharp beak
White breasted Kingfisher,long thick bill
White breasted Kingfisher,small stocky body
White breasted Kingfisher,stout body
White breasted Kingfisher,white breast and belly
White breasted Kingfisher,blue and white plumage
White breasted Kingfisher,blue grey wings and back
White breasted Kingfisher,orange feet
White breasted Kingfisher,orange yellow legs
Red legged Kittiwake,black band on the wing
Red legged Kittiwake,black bill
Red legged Kittiwake,black tail with a white tip
Red legged Kittiwake,forked tail
Red legged Kittiwake,small white bird
Red legged Kittiwake,white body with black wings
Red legged Kittiwake,long black wingtips
Red legged Kittiwake,red legs
Horned Lark,light brown or grayish color
Horned Lark,small sparrow like bird
Horned Lark,small sparrow like body
Horned Lark,white belly
Horned Lark,white throat and breast
Horned Lark,yellow breast
Horned Lark,"yellow or white ""eyebrows"""
Pacific Loon,black back
Pacific Loon,long pointed bill
Pacific Loon,long thin neck
Pacific Loon,small bill
Pacific Loon,white belly
Pacific Loon,white underbelly
Pacific Loon,red eyes
Mallard,brown body
Mallard,large body
Mallard,large green head
Mallard,long neck
Mallard,long orange beak
Mallard,white chest
Mallard,brown and black feathers
Mallard,green head
Mallard,long brown legs
Mallard,webbed feet
Western Meadowlark,medium sized bird
Western Meadowlark,plump body
Western Meadowlark,short stout bill
Western Meadowlark,white patch on the wing
Western Meadowlark,short yellow legs
Hooded Merganser,black back and tail
Hooded Merganser,large hooked bill
Hooded Merganser,long black and white tail
Hooded Merganser,long narrow bill
Hooded Merganser,long slender body
Hooded Merganser,long thin neck
Hooded Merganser,small round head
Hooded Merganser,white breast and belly
Hooded Merganser,grey sides
Red breasted Merganser,black back
Red breasted Merganser,long thin bill
Red breasted Merganser,long thin body
Red breasted Merganser,long thin neck
Red breasted Merganser,red breast
Red breasted Merganser,small round head
Red breasted Merganser,white sides
Mockingbird,clear melodious song
Mockingbird,grey or brown body
Mockingbird,long tail
Mockingbird,loud melodious song
Mockingbird,pointed beak
Mockingbird,small to medium sized bird
Mockingbird,gray or brown plumage
Mockingbird,long legs
Mockingbird,long tail
Mockingbird,white patches on the wings
Mockingbird,white underparts
Nighthawk,large hawk like body
Nighthawk,long slender body
Nighthawk,small beak
Nighthawk,tail with a distinct v shape
Nighthawk,large eyes
Nighthawk,long pointed wings
Nighthawk,pointed wings
Nighthawk,yellow eyes
Clark Nutcracker,black and white body
Clark Nutcracker,black and white color scheme
Clark Nutcracker,black crest on the head
Clark Nutcracker,crest on the head
Clark Nutcracker,long curved beak
Clark Nutcracker,long pointed beak
Clark Nutcracker,white tail with a black tip
Clark Nutcracker,black wings with white spots
White breasted Nuthatch,black cap
White breasted Nuthatch,black eye stripe
White breasted Nuthatch,blue gray back
White breasted Nuthatch,blue grey back
White breasted Nuthatch,hooked beak
White breasted Nuthatch,long black bill
White breasted Nuthatch,long black tail
White breasted Nuthatch,small body
White breasted Nuthatch,white belly
White breasted Nuthatch,white breast
White breasted Nuthatch,white chest and belly
White breasted Nuthatch,white stripe over the eye
White breasted Nuthatch,grey legs
Baltimore Oriole,"black ""mask"" around the eyes"
Baltimore Oriole,long pointed beak
Baltimore Oriole,long thin tail
Baltimore Oriole,small black head
Baltimore Oriole,small thin beak
Baltimore Oriole,small thin body
Baltimore Oriole,black and orange plumage
Baltimore Oriole,orange yellow legs
Hooded Oriole,black hood
Hooded Oriole,black tail with white bars
Hooded Oriole,bright orange breast
Hooded Oriole,long pointed beak
Hooded Oriole,long thin beak
Hooded Oriole,small body
Hooded Oriole,small slender body
Hooded Oriole,orange and black wings
Orchard Oriole,black head and back
Orchard Oriole,long thin tail
Orchard Oriole,orange breast and belly
Orchard Oriole,pointed beak
Orchard Oriole,small body
Orchard Oriole,black and orange plumage
Orchard Oriole,long tail
Orchard Oriole,white bars on the wings
Orchard Oriole,yellow eyes
Scott Oriole,bright orange breast
Scott Oriole,small black bird
Scott Oriole,small sparrow like body
Scott Oriole,white belly
Scott Oriole,white stripe on the tail
Scott Oriole,white stripe on the wings
Scott Oriole,yellow beak
Scott Oriole,yellow breast
Scott Oriole,black wings with orange bars
Ovenbird,long thin tail
Ovenbird,small sparrow like bird
Ovenbird,streaked brown plumage
Ovenbird,white stripe above the eye
Ovenbird,yellowish bill
Brown Pelican,brown and white color scheme
Brown Pelican,large bulky body
Brown Pelican,large hooked bill
Brown Pelican,long curved beak
Brown Pelican,long thick neck
Brown Pelican,brownish gray plumage
Brown Pelican,large webbed feet
Brown Pelican,long powerful wings
Brown Pelican,long webbed feet
White Pelican,large bill
White Pelican,large bird
White Pelican,long curved bill
White Pelican,long curved neck
White Pelican,black legs and feet
White Pelican,black wingtips
White Pelican,webbed feet
White Pelican,white plumage
Western Wood Pewee,light colored underside
Western Wood Pewee,long narrow tail
Western Wood Pewee,small beak
Western Wood Pewee,small bill
Western Wood Pewee,small drab colored bird
Western Wood Pewee,small grayish brown bird
Western Wood Pewee,white eye ring
Western Wood Pewee,white underparts
Sayornis,black bill
Sayornis,long curved tail
Sayornis,pointed beak
Sayornis,short tail
Sayornis,small body
Sayornis,small brown bird
Sayornis,white breast
Sayornis,brown wings with white bars
Sayornis,grey or brown plumage
Sayornis,short legs
American Pipit,long black bill
American Pipit,small sparrow like bird
American Pipit,pale brown upperparts
American Pipit,pale pink legs
American Pipit,pale pink legs and feet
American Pipit,white underparts with streaks
Whip poor Will,brown or grayish body
Whip poor Will,brown tail
Whip poor Will,long tail
Whip poor Will,long pointed beak
Whip poor Will,pointed bill
Whip poor Will,small brown bird
Whip poor Will,white patch on its wing
Whip poor Will,white throat
Whip poor Will,large eyes
Horned Puffin,black and white body
Horned Puffin,large orange bill
Horned Puffin,small stocky body
Horned Puffin,black and white tail feathers
Horned Puffin,black and white wings
Horned Puffin,black wings with white stripes
Horned Puffin,orange legs and feet
Common Raven,long curved beak
Common Raven,raucous call
Common Raven,thick bill
Common Raven,all black coloration
Common Raven,all black plumage
Common Raven,large size
Common Raven,loud rasping voice
Common Raven,shaggy feathers
Common Raven,shiny black eyes
White necked Raven,all black body
White necked Raven,beak and legs are black
White necked Raven,beak is curved and pointed
White necked Raven,eyes are yellow
White necked Raven,large size
White necked Raven,shaggy appearance
White necked Raven,white patch on neck
American Redstart,grayish white body
American Redstart,pointed beak
American Redstart,small body
American Redstart,small sparrow like bird
American Redstart,black and orange feathers
American Redstart,black wings with white bars
American Redstart,long tail feathers
American Redstart,white patches on the wings
Geococcyx,long tail
Geococcyx,long curved beak
Geococcyx,long thin body
Geococcyx,small head
Geococcyx,long legs
Geococcyx,spotted feathers
Geococcyx,spotted plumage
Loggerhead Shrike,black bill
Loggerhead Shrike,small sparrow like body
Loggerhead Shrike,small thrush like bird
Loggerhead Shrike,black mask
Loggerhead Shrike,black wings with white bars
Loggerhead Shrike,gray upperparts
Loggerhead Shrike,hooked beak
Loggerhead Shrike,white underparts
Great Grey Shrike,black mask
Great Grey Shrike,grey back
Great Grey Shrike,large body
Great Grey Shrike,large stocky body
Great Grey Shrike,long tail
Great Grey Shrike,white belly
Great Grey Shrike,black wings with white bars
Great Grey Shrike,white underparts
Baird Sparrow,black breast
Baird Sparrow,brown or gray body
Baird Sparrow,brownish back
Baird Sparrow,buffy breast
Baird Sparrow,long black tail
Baird Sparrow,small sparrow like bird
Baird Sparrow,streaked head
Baird Sparrow,white throat
Baird Sparrow,yellow eyes
Baird Sparrow,yellowish eyes
Black throated Sparrow,black and white striped head
Black throated Sparrow,black throat
Black throated Sparrow,black throat and upper chest
Black throated Sparrow,brown back
Black throated Sparrow,small sparrow like body
Black throated Sparrow,white belly
Black throated Sparrow,brown back and wings
Brewer Sparrow,black streak on the breast
Brewer Sparrow,brown back
Brewer Sparrow,long brown tail
Brewer Sparrow,long pointed tail
Brewer Sparrow,small body
Brewer Sparrow,small brown bird
Brewer Sparrow,streaked breast
Brewer Sparrow,white belly
Brewer Sparrow,yellow eyes
Chipping Sparrow,brown back and wings
Chipping Sparrow,long brown tail
Chipping Sparrow,small black bill
Chipping Sparrow,small black bill
Chipping Sparrow,small brown bird
Chipping Sparrow,small sparrow like bird
Chipping Sparrow,white belly
Chipping Sparrow,yellowish brown wings
Clay colored Sparrow,brown cap
Clay colored Sparrow,long brown tail
Clay colored Sparrow,long notched tail
Clay colored Sparrow,small brown bird
Clay colored Sparrow,white belly
Clay colored Sparrow,pale gray upperparts
Clay colored Sparrow,yellowish legs
House Sparrow,round body
House Sparrow,short beak
House Sparrow,short tail
House Sparrow,small brown bird
House Sparrow,white belly
House Sparrow,brown streaks on the chest
Field Sparrow,long brown tail
Field Sparrow,short notched tail
Field Sparrow,small brown bird
Field Sparrow,brown wings with white bars
Field Sparrow,yellowish eyes
Fox Sparrow,long tail
Fox Sparrow,long notched tail
Fox Sparrow,reddish brown body
Fox Sparrow,rusty brown color
Fox Sparrow,rusty cap
Fox Sparrow,streaked breast
Fox Sparrow,streaked chest
Fox Sparrow,white belly
Fox Sparrow,yellow eyes
Grasshopper Sparrow,long slender beak
Grasshopper Sparrow,long thin beak
Grasshopper Sparrow,small brown bird
Grasshopper Sparrow,white throat and belly
Grasshopper Sparrow,large eyes
Grasshopper Sparrow,long hind legs for jumping
Grasshopper Sparrow,long thin antennae
Grasshopper Sparrow,long thin legs
Harris Sparrow,black cap and bib
Harris Sparrow,brown cap with a white cheek
Harris Sparrow,pink bill
Harris Sparrow,short notched tail
Harris Sparrow,small brown bird
Harris Sparrow,small plump body
Harris Sparrow,grey legs and feet
Henslow Sparrow,brown back
Henslow Sparrow,brown cap
Henslow Sparrow,brownish cap
Henslow Sparrow,long notched tail
Henslow Sparrow,small body
Henslow Sparrow,streaked breast
Henslow Sparrow,white throat
Henslow Sparrow,yellow breast
Henslow Sparrow,yellow throat
Le Conte Sparrow,black bill
Le Conte Sparrow,gray head
Le Conte Sparrow,long brown tail
Le Conte Sparrow,small brown bill
Le Conte Sparrow,small brown bird
Le Conte Sparrow,white belly
Le Conte Sparrow,streaked upperparts
Le Conte Sparrow,two white bars on the wings
Lincoln Sparrow,brown back
Lincoln Sparrow,brown cap
Lincoln Sparrow,gray breast
Lincoln Sparrow,long brown tail
Lincoln Sparrow,small body
Lincoln Sparrow,small brown bird
Lincoln Sparrow,streaked breast
Lincoln Sparrow,white belly
Lincoln Sparrow,white throat
Nelson Sharp tailed Sparrow,black bill
Nelson Sharp tailed Sparrow,black line through the eye
Nelson Sharp tailed Sparrow,brownish gray upper body
Nelson Sharp tailed Sparrow,long pointed tail
Nelson Sharp tailed Sparrow,pale grayish white underbody
Nelson Sharp tailed Sparrow,short stubby tail
Nelson Sharp tailed Sparrow,small brown bird
Nelson Sharp tailed Sparrow,small sparrow like body
Nelson Sharp tailed Sparrow,white belly
Savannah Sparrow,long curved bill
Savannah Sparrow,long pointed beak
Savannah Sparrow,small brown bird
Savannah Sparrow,small brown body
Savannah Sparrow,streaked back
Savannah Sparrow,yellowish eyebrow
Savannah Sparrow,brown wings with white stripes
Seaside Sparrow,short notched tail
Seaside Sparrow,small brown bird
Seaside Sparrow,small sparrow like bird
Seaside Sparrow,streaked breast
Seaside Sparrow,thin curved bill
Seaside Sparrow,white belly
Seaside Sparrow,yellow bill
Seaside Sparrow,yellowish breast
Seaside Sparrow,grey and white mottled plumage
Song Sparrow,light stripe above the eye
Song Sparrow,long notched tail
Song Sparrow,pale stripe above the eye
Song Sparrow,small brown bird
Song Sparrow,streaked breast
Song Sparrow,yellowish eyes
Tree Sparrow,black bib with white border
Tree Sparrow,black line through each eye
Tree Sparrow,brown back
Tree Sparrow,gray chest
Tree Sparrow,rust colored cap and nape
Tree Sparrow,short notched tail
Tree Sparrow,small body
Tree Sparrow,small sparrow like bird
Tree Sparrow,white belly
Tree Sparrow,brown streaks on the sides
Tree Sparrow,yellow eyes
Vesper Sparrow,brown cap and white eyebrows
Vesper Sparrow,long brown tail
Vesper Sparrow,long notched tail
Vesper Sparrow,small brown bird
Vesper Sparrow,white belly
White crowned Sparrow,black bill
White crowned Sparrow,brown back
White crowned Sparrow,brown breast
White crowned Sparrow,gray back
White crowned Sparrow,grayish brown crown
White crowned Sparrow,small body
White crowned Sparrow,white belly
White crowned Sparrow,white crown
White crowned Sparrow,white stripe over each eye
White throated Sparrow,brown back
White throated Sparrow,brown cap
White throated Sparrow,gray breast
White throated Sparrow,small body
White throated Sparrow,small sparrow like body
White throated Sparrow,white throat
White throated Sparrow,white throat and breast
Cape Glossy Starling,glossy sheen to its feathers
Cape Glossy Starling,glossy black plumage
Cape Glossy Starling,long forked tail
Cape Glossy Starling,long pointed tail
Cape Glossy Starling,long pointy beak
Cape Glossy Starling,small black bird
Cape Glossy Starling,small round body
Cape Glossy Starling,white spots on its wings
Cape Glossy Starling,white spots on the wings
Cape Glossy Starling,yellow eyes
Bank Swallow,forked tail
Bank Swallow,long deeply forked tail
Bank Swallow,rusty brown breast band
Bank Swallow,small bird
Bank Swallow,small sparrow like bird
Bank Swallow,swift direct flight
Bank Swallow,dark blue gray upperparts
Bank Swallow,long pointed wings
Bank Swallow,pale blue gray upperparts
Bank Swallow,pointed wings
Bank Swallow,white underparts
Barn Swallow,dark blue black upper body
Barn Swallow,forked tail
Barn Swallow,pale orange or brown breast
Barn Swallow,rusty red throat and breast
Barn Swallow,small body
Barn Swallow,small slim body
Barn Swallow,swift acrobatic flight
Barn Swallow,dark blue black upperparts
Barn Swallow,long pointed wings
Cliff Swallow,dark blue or black back
Cliff Swallow,forked tail
Cliff Swallow,light colored belly
Cliff Swallow,small body
Cliff Swallow,small sparrow like body
Cliff Swallow,brown upperparts
Cliff Swallow,orange throat
Cliff Swallow,pale belly
Cliff Swallow,white stripes on the face
Tree Swallow,long tapered tail
Tree Swallow,small slim body
Tree Swallow,forked tail
Tree Swallow,iridescent blue green back
Tree Swallow,long pointed wings
Tree Swallow,pointed wings
Tree Swallow,small slim body
Tree Swallow,white underparts
Scarlet Tanager,scarlet red body
Scarlet Tanager,black head
Scarlet Tanager,black wings and tail
Scarlet Tanager,long tail
Scarlet Tanager,red body
Scarlet Tanager,short hooked beak
Scarlet Tanager,small body
Scarlet Tanager,pointed wings
Scarlet Tanager,yellow eyes
Summer Tanager,black wings and tail
Summer Tanager,large conical bill
Summer Tanager,short pointed tail
Summer Tanager,short stout bill
Summer Tanager,small to medium sized bird
Summer Tanager,small stocky body
Summer Tanager,yellow body
Artic Tern,black cap on its head
Artic Tern,black cap on the head
Artic Tern,long forked tail
Artic Tern,long slender body
Artic Tern,pointed beak
Artic Tern,white body with black wings
Artic Tern,orange legs
Artic Tern,white and black coloration
Black Tern,black bill
Black Tern,black body
Black Tern,black head
Black Tern,forked tail
Black Tern,long forked tail
Black Tern,small dark body
Black Tern,white belly
Black Tern,orange legs
Black Tern,short legs
Caspian Tern,black cap on the head
Caspian Tern,long forked tail
Caspian Tern,long orange red beak
Caspian Tern,white body
Caspian Tern,long black legs
Caspian Tern,long black wingtips
Caspian Tern,long red legs
Caspian Tern,webbed feet
Common Tern,black cap on the head
Common Tern,forked tail
Common Tern,long forked tail
Common Tern,slender body
Common Tern,slender white body
Common Tern,grey upperparts
Common Tern,orange legs
Common Tern,white underparts
Elegant Tern,black cap on the head
Elegant Tern,long forked tail
Elegant Tern,long slender beak
Elegant Tern,long thin beak
Elegant Tern,black markings on the wings
Elegant Tern,orange legs
Elegant Tern,white body with grey wings
Elegant Tern,white coloration on the body
Forsters Tern,black cap
Forsters Tern,black cap on the head
Forsters Tern,long forked tail
Forsters Tern,small slim body
Forsters Tern,white body
Forsters Tern,gray wings
Forsters Tern,grey upperparts
Forsters Tern,orange legs and feet
Forsters Tern,white underparts
Forsters Tern,yellow feet
Least Tern,black cap on the head
Least Tern,long forked tail
Least Tern,small body
Least Tern,small slim body
Least Tern,white underside
Least Tern,yellow beak
Least Tern,grey or black wings
Least Tern,orange legs
Least Tern,pale gray upperparts
Least Tern,white underparts
Green tailed Towhee,black patch on the breast
Green tailed Towhee,green tail with a white edge
Green tailed Towhee,large plump body
Green tailed Towhee,large sparrow like bird
Green tailed Towhee,short tail
Green tailed Towhee,brown upperparts
Green tailed Towhee,long legs
Green tailed Towhee,white underparts
Brown Thrasher,black mask over its eyes
Brown Thrasher,black stripe on the wing
Brown Thrasher,brown body
Brown Thrasher,curved beak
Brown Thrasher,hooked beak
Brown Thrasher,long tail
Brown Thrasher,rusty red breast
Brown Thrasher,streaks of white on its wings
Sage Thrasher,black bill
Sage Thrasher,brownish gray color
Sage Thrasher,long tail
Sage Thrasher,pointed bill
Sage Thrasher,small body
Sage Thrasher,gray upperparts
Sage Thrasher,white underparts
Black capped Vireo,black cap on the head
Black capped Vireo,short stout bill
Black capped Vireo,small body
Black capped Vireo,small plump body
Black capped Vireo,"black cap and white ""eyeline"""
Black capped Vireo,grayish upperparts
Black capped Vireo,olive green upperparts
Black capped Vireo,relatively long wings and tail
Black capped Vireo,yellowish legs
Blue headed Vireo,blue head
Blue headed Vireo,short notched tail
Blue headed Vireo,small body
Blue headed Vireo,white throat
Blue headed Vireo,greenish upperparts
Blue headed Vireo,two white bars on the wings
Philadelphia Vireo,short blunt beak
Philadelphia Vireo,short stout bill
Philadelphia Vireo,small greenish gray bird
Philadelphia Vireo,white throat and breast
Philadelphia Vireo,two white bars on the wings
Philadelphia Vireo,yellowish green legs
Red eyed Vireo,short blunt beak
Red eyed Vireo,small plump bird
Red eyed Vireo,olive green upperparts
Red eyed Vireo,red eyes
Red eyed Vireo,two white bars on wings
Red eyed Vireo,white underparts
Warbling Vireo,black stripe through the eye
Warbling Vireo,short blunt beak
Warbling Vireo,small body
Warbling Vireo,small plump body
Warbling Vireo,white wingbar
Warbling Vireo,greenish upperparts
Warbling Vireo,olive green upperparts
Warbling Vireo,two white bars on the wings
White eyed Vireo,small body
White eyed Vireo,white eye ring
White eyed Vireo,white eye ring
White eyed Vireo,grayish wings and tail
White eyed Vireo,greenish upperparts
White eyed Vireo,olive upperparts
White eyed Vireo,white underparts
White eyed Vireo,yellowish sides and flanks
Yellow throated Vireo,green back
Yellow throated Vireo,small body
Yellow throated Vireo,yellow throat
Yellow throated Vireo,grayish wings
Yellow throated Vireo,white stripes above the eyes
Bay breasted Warbler,black cap
Bay breasted Warbler,long tail
Bay breasted Warbler,pointed beak
Bay breasted Warbler,small bird
Bay breasted Warbler,small body
Bay breasted Warbler,white throat
Bay breasted Warbler,yellowish sides
Bay breasted Warbler,yellowish stripes on the wings
Black and white Warbler,black and white striped body
Black and white Warbler,black and white striped head
Black and white Warbler,black cap on the head
Black and white Warbler,black tail with a white tip
Black and white Warbler,small body
Black and white Warbler,white throat
Black and white Warbler,black and white plumage
Black and white Warbler,black wings with white bars
Black and white Warbler,white wing bars
Black throated Blue Warbler,black throat
Black throated Blue Warbler,blue back
Black throated Blue Warbler,small body
Black throated Blue Warbler,yellow belly
Black throated Blue Warbler,white stripes on the wings
Blue winged Warbler,brown back
Blue winged Warbler,pointed beak
Blue winged Warbler,pointed bill
Blue winged Warbler,small body
Blue winged Warbler,yellow belly
Blue winged Warbler,blue upperparts
Blue winged Warbler,blue wings
Blue winged Warbler,white wing bars
Blue winged Warbler,yellow underparts
Canada Warbler,black cap
Canada Warbler,black streak on the breast
Canada Warbler,black streak on the head
Canada Warbler,gray back
Canada Warbler,green back
Canada Warbler,long tail
Canada Warbler,small body
Canada Warbler,small songbird
Canada Warbler,white belly
Canada Warbler,white throat
Canada Warbler,yellow breast
Canada Warbler,yellowish legs
Cape May Warbler,black cap
Cape May Warbler,gray back
Cape May Warbler,grayish brown head
Cape May Warbler,long tail
Cape May Warbler,small body
Cape May Warbler,small slender body
Cape May Warbler,white belly
Cape May Warbler,yellow breast
Cape May Warbler,dark streaks on the breast
Cape May Warbler,yellowish upperparts
Cerulean Warbler,long tail
Cerulean Warbler,long pointed tail
Cerulean Warbler,small pointed bill
Cerulean Warbler,small slim body
Cerulean Warbler,yellow breast
Cerulean Warbler,blue plumage
Cerulean Warbler,blue upperparts
Cerulean Warbler,white undertail coverts
Cerulean Warbler,yellowish underparts
Chestnut sided Warbler,black cap
Chestnut sided Warbler,black line through the eye
Chestnut sided Warbler,brown back
Chestnut sided Warbler,greenish back
Chestnut sided Warbler,small body
Chestnut sided Warbler,white belly
Chestnut sided Warbler,yellow cap on the head
Golden winged Warbler,black mask through the eye
Golden winged Warbler,gray back
Golden winged Warbler,small songbird
Golden winged Warbler,white belly
Golden winged Warbler,white throat and belly
Golden winged Warbler,grayish upperparts
Hooded Warbler,black hood and back
Hooded Warbler,long tail
Hooded Warbler,long black tail
Hooded Warbler,small body
Hooded Warbler,white stripes on the wings
Hooded Warbler,yellow legs and feet
Kentucky Warbler,black mask around the eyes
Kentucky Warbler,black stripe on the head
Kentucky Warbler,greenish back
Kentucky Warbler,long tail
Kentucky Warbler,small slender body
Kentucky Warbler,small sparrow like bird
Kentucky Warbler,white throat
Kentucky Warbler,yellow breast
Kentucky Warbler,greenish yellow upperparts
Magnolia Warbler,black cap
Magnolia Warbler,gray back
Magnolia Warbler,gray back with black streaks
Magnolia Warbler,small songbird
Magnolia Warbler,small sparrow like body
Magnolia Warbler,white belly
Magnolia Warbler,yellow breast
Magnolia Warbler,white stripes on the wings
Mourning Warbler,black hood
Mourning Warbler,black mask around the eyes
Mourning Warbler,gray back
Mourning Warbler,gray body
Mourning Warbler,long tail
Mourning Warbler,small body
Mourning Warbler,small sparrow like bird
Mourning Warbler,yellow breast
Mourning Warbler,yellow throat
Mourning Warbler,black streaks on the sides
Mourning Warbler,white bars on the wings
Myrtle Warbler,black cap
Myrtle Warbler,black head
Myrtle Warbler,green back
Myrtle Warbler,small body
Myrtle Warbler,small sparrow like bird
Myrtle Warbler,white belly
Myrtle Warbler,yellow breast
Nashville Warbler,black stripe through the eye
Nashville Warbler,gray back
Nashville Warbler,long tail
Nashville Warbler,small songbird
Nashville Warbler,small slim body
Nashville Warbler,white belly
Nashville Warbler,yellow breast
Nashville Warbler,white undersides
Orange crowned Warbler,mohs hardness of 10
Orange crowned Warbler,clear or translucent color
Orange crowned Warbler,green back
Orange crowned Warbler,greenish yellow body
Orange crowned Warbler,hard crystalline structure
Orange crowned Warbler,high dispersion
Orange crowned Warbler,high refractive index
Orange crowned Warbler,long tail
Orange crowned Warbler,small body
Orange crowned Warbler,thin beak
Orange crowned Warbler,yellow crown
Orange crowned Warbler,white bars on the wings
Palm Warbler,long thin tail
Palm Warbler,rusty brown cap
Palm Warbler,small sparrow like bird
Palm Warbler,small thin body
Palm Warbler,streaked back
Palm Warbler,thin pointy bill
Palm Warbler,yellow breast
Palm Warbler,yellow eyebrow
Palm Warbler,long legs
Palm Warbler,white belly
Pine Warbler,greenish yellow back
Pine Warbler,long tail with white bars
Pine Warbler,plump body
Pine Warbler,small sparrow like bird
Pine Warbler,small sparrow like body
Pine Warbler,white belly
Pine Warbler,yellow throat and chin
Pine Warbler,yellowish legs
Prairie Warbler,rusty cap
Prairie Warbler,small sparrow like bird
Prairie Warbler,streaked brown back
Prairie Warbler,white belly
Prairie Warbler,yellow breast
Prairie Warbler,yellowish legs
Prothonotary Warbler,black mask on the face
Prothonotary Warbler,large conical bill
Prothonotary Warbler,long tail
Prothonotary Warbler,plump body
Prothonotary Warbler,short tail
Prothonotary Warbler,small plump body
Prothonotary Warbler,white belly
Prothonotary Warbler,yellow head and breast
Prothonotary Warbler,blue gray wings
Prothonotary Warbler,bright golden yellow plumage
Swainson Warbler,brownish olive upper body
Swainson Warbler,light colored belly
Swainson Warbler,long curved bill
Swainson Warbler,small songbird
Swainson Warbler,small sparrow like bird
Swainson Warbler,white throat and belly
Tennessee Warbler,black stripe on the head
Tennessee Warbler,built in keyboard
Tennessee Warbler,green back
Tennessee Warbler,long tail
Tennessee Warbler,rectangular shape
Tennessee Warbler,short tail
Tennessee Warbler,small brown bird
Tennessee Warbler,small round body
Tennessee Warbler,trackpad or mouse
Tennessee Warbler,white belly
Tennessee Warbler,yellow breast
Wilson Warbler,black cap
Wilson Warbler,black cheek patch
Wilson Warbler,green back
Wilson Warbler,long thin tail
Wilson Warbler,short tail
Wilson Warbler,small body
Wilson Warbler,white belly
Wilson Warbler,yellow breast
Wilson Warbler,yellow head and throat
Worm eating Warbler,brown cap
Worm eating Warbler,gray back
Worm eating Warbler,long tail
Worm eating Warbler,long black tail
Worm eating Warbler,small brown bird
Worm eating Warbler,small sparrow like body
Worm eating Warbler,yellow throat
Worm eating Warbler,yellowish belly
Yellow Warbler,black cap on the head
Yellow Warbler,black stripe on the head
Yellow Warbler,small body
Yellow Warbler,white belly
Yellow Warbler,yellow breast
Yellow Warbler,yellow wings with black bars
Northern Waterthrush,brown back with dark streaks
Northern Waterthrush,brown or reddish cap
Northern Waterthrush,long black bill
Northern Waterthrush,small plump body
Northern Waterthrush,small sparrow like bird
Northern Waterthrush,short dark legs
Louisiana Waterthrush,brown back and white belly
Louisiana Waterthrush,brown streak down its back
Louisiana Waterthrush,long brown tail
Louisiana Waterthrush,long thin beak
Louisiana Waterthrush,small body
Louisiana Waterthrush,small songbird
Louisiana Waterthrush,streaked breast
Louisiana Waterthrush,white throat
Louisiana Waterthrush,whitish throat
Louisiana Waterthrush,brown and white feathers
Louisiana Waterthrush,yellowish legs
Bohemian Waxwing,black mask
Bohemian Waxwing,black mask over the eyes
Bohemian Waxwing,long tail
Bohemian Waxwing,long tail with a white tip
Bohemian Waxwing,small slender body
Bohemian Waxwing,small slim body
Bohemian Waxwing,gray and white plumage
Bohemian Waxwing,pointed wings
Bohemian Waxwing,red and yellow wingtips
Cedar Waxwing,black mask around the eyes
Cedar Waxwing,black mask over the eyes
Cedar Waxwing,crest on the head
Cedar Waxwing,pointy crest on the head
Cedar Waxwing,small body
Cedar Waxwing,small brown body
Cedar Waxwing,yellow tipped tail
Cedar Waxwing,brown and gray feathers
Cedar Waxwing,silky brown feathers
Cedar Waxwing,yellow tips on the wings
American Three toed Woodpecker,black and white body
American Three toed Woodpecker,black and white striped body
American Three toed Woodpecker,black cap on the head
American Three toed Woodpecker,long black beak
American Three toed Woodpecker,long black tail
American Three toed Woodpecker,red cap on the head
American Three toed Woodpecker,white belly
American Three toed Woodpecker,black wings with white bars
American Three toed Woodpecker,three toes on each foot
Pileated Woodpecker,big head
Pileated Woodpecker,large body
Pileated Woodpecker,large black body
Pileated Woodpecker,long neck
Pileated Woodpecker,long black bill
Pileated Woodpecker,long straight beak
Pileated Woodpecker,red crest on the head
Pileated Woodpecker,white bar on the wing
Pileated Woodpecker,black and white plumage
Red bellied Woodpecker,black and white barred tail
Red bellied Woodpecker,black back
Red bellied Woodpecker,black cap on the head
Red bellied Woodpecker,black head
Red bellied Woodpecker,long black beak
Red bellied Woodpecker,red belly
Red bellied Woodpecker,white face
Red bellied Woodpecker,white front
Red bellied Woodpecker,white stripes on the wings
Red cockaded Woodpecker,black and white striped back
Red cockaded Woodpecker,black bill
Red cockaded Woodpecker,black cap on the female
Red cockaded Woodpecker,red cap on the male
Red cockaded Woodpecker,small to medium size
Red cockaded Woodpecker,white belly
Red cockaded Woodpecker,black wings with white bars
Red cockaded Woodpecker,white stripes on the wings
Red headed Woodpecker,black body
Red headed Woodpecker,long pointed beak
Red headed Woodpecker,red head
Red headed Woodpecker,white rump
Red headed Woodpecker,black wings with white spots
Red headed Woodpecker,white stripes on the wings
Downy Woodpecker,black and white coloring
Downy Woodpecker,black and white plumage
Downy Woodpecker,black back
Downy Woodpecker,black cap
Downy Woodpecker,long black tail
Downy Woodpecker,short stubby bill
Downy Woodpecker,small body
Downy Woodpecker,white belly
Downy Woodpecker,white breast
Downy Woodpecker,white rump
Downy Woodpecker,white wingbar
Downy Woodpecker,black wings with white bars
Bewick Wren,black band across its eyes
Bewick Wren,black band across the eyes
Bewick Wren,long curved beak
Bewick Wren,small brown bird
Bewick Wren,small shy bird
Bewick Wren,white belly
Cactus Wren,black bill
Cactus Wren,black tail with white bars
Cactus Wren,brown or gray back
Cactus Wren,long tail with white bars
Cactus Wren,long curved bill
Cactus Wren,small body
Cactus Wren,small sparrow like bird
Cactus Wren,streaked brown back
Cactus Wren,white belly
Cactus Wren,white eye ring
Cactus Wren,white throat
Carolina Wren,black band on the tail
Carolina Wren,black cap on the head
Carolina Wren,black stripe above the eye
Carolina Wren,long tail
Carolina Wren,reddish brown back
Carolina Wren,reddish brown color
Carolina Wren,small body
Carolina Wren,white belly
Carolina Wren,white eyebrow
House Wren,black bill
House Wren,black tail with white sides
House Wren,loud high pitched song
House Wren,small bill
House Wren,small body
House Wren,small brown bird
House Wren,white belly
House Wren,white line above the eye
House Wren,brownish plumage
Marsh Wren,black stripe through the eye
Marsh Wren,brown back
Marsh Wren,brown or gray back
Marsh Wren,long black tail
Marsh Wren,long thin tail
Marsh Wren,small bill
Marsh Wren,small body
Marsh Wren,small sparrow like bird
Marsh Wren,white belly
Marsh Wren,white or light colored belly
Marsh Wren,long legs
Rock Wren,black band across the breast
Rock Wren,short tail
Rock Wren,small body
Rock Wren,black legs and feet
Rock Wren,brown and gray plumage
Rock Wren,gray or brown plumage
Rock Wren,long black bill
Rock Wren,short tail
Rock Wren,shy and secretive behavior
Rock Wren,white stripes above the eyes
Winter Wren,brown or gray back
Winter Wren,brown or gray plumage
Winter Wren,long bill
Winter Wren,short tail
Winter Wren,short stubby tail
Winter Wren,small body
Winter Wren,small black bill
Winter Wren,small round body
Winter Wren,white or pale underside
Winter Wren,white throat
Winter Wren,black legs
Common Yellowthroat,black mask
Common Yellowthroat,black mask over the eyes
Common Yellowthroat,long thin tail
Common Yellowthroat,small slim body
Common Yellowthroat,yellow throat and breast
Common Yellowthroat,greenish yellow back and wings
Common Yellowthroat,olive green back
Common Yellowthroat,white belly
Common Yellowthroat,yellow throat and breast
Common Yellowthroat,yellowish brown wings
